,title,title_label,description,description_label
0, 학과 학과 신입생 선호도 건대 화공  취업률은 경희대 앞서,1,대학 간 비교 시에는 졸업 후 취업률  중도탈락률  신입생 충원율 등 정량 지표를 주로 활용  객관성을 유지할 계획이다  수험생에게 어느 한 쪽으로 치우치지 않는 정보를 제공해 대학 선택에 도움을 주기 위해서다 ,0
1,호원대 취업지원실  진로또래멘토링 수기 공모전 시상식 개최,0,고재선 취업지원실장 소방안전학과 교수 은  코로나 로 다양한 학교생활을 경험하지 못한 신입생들에게 많은 도움이 됐을 것이다  재학생들이 지지적인 관계를 형성하고 진로 고민을 나눌 방안을 계속해서 모색할 것 ,0
2,충남도립대 충남개발공사 취업 간담회,0,충남도립대학교 취창업센터는  일 충남개발공사 신입사원으로부터 공공기관 취업 성공 노하우를 배우기 위한  공공기관 취업 성공 간담회 를 개최했다고 밝혔다  이번 간담회에는 충남도립대학교 재학생  명과 ,0
3,국제대  대학발전위원회 신입위원 위촉장 수여식 진행,0,국제대가  일 교내 중회의실에서 대학발전위원회 신입위원 위촉장 수여식과 장학금 기탁식을 진행했다  국제대도 이런 감사함을 잊지 않고 지역 동반성장 파트너  전인적 취업교육 동반 대학으로 성장할 수 있도록 ,0
4,한뷰전  글로벌 뷰티아티스트 양성을 위한  학년도 신입생 모집,0, 학년도 신입생은 전원 장학금 혜택을 받고 입학한 것으로 알려져 있다  또한 전국  여개 매장을 보유하고 있는 유명프랜차이즈인 박준 뷰티랩의 박준 회장을 석좌교수로 임명해 교육연계 및 취업연계까지 진행하며 ,0
5,국제대 대학발전위원회  신입위원 위촉장 수여식 가져,0,국제대가 지난  일 대학발전위원회 신입위원 위촉장 수여식  장학금 기탁식을 갖고 기념사진을 촬영하고  잊지 않고 지역 동반성장 파트너  전인적 취업교육 동반 대학으로 성장할 수 있도록 최선을 다하겠다 고 전했다 ,0
6, 대학소식 대구공대  신입생 대상 진로특강 등,1,대구공업대학교 메이크업분장예술과는 신입생을 대상으로 한 진로특강을 개최했다고  일 밝혔다  이번   대구공대 취업특강 대구공업대학교 메이크업분장예술과는 학과 재학생을 대상으로 한 취업특강을 ,0
7,용인송담대  지역청년 지원 취업 프로그램 진행,0,용인송담대학교 대학일자리센터는 최근 백암고등학교와 함께 대학교 비진학 학생을 대상으로  신입사원 직장예절  취업역량강화 특강을 실시했다고  일 밝혔다  이번 특강은 직장의 이해  직장생활 대화  보고 ,0
8,장안대   하반기 취업스킬 경진대회  개최,0,  하반기 취업스킬 경진대회는 신입생을 제외한  학년부터  학년까지 재학중인 학생들을 대상으로 코로나  확산으로 변화된 비대면 채용절차를 체험할 기회를 제공하고 취업 자신감을 높여 구직기술과 취업역량을 ,0
9,신입 경력 채용  에스엘 동우화인켐 삼양식품 잡코리아 등 ,0,연말을 앞두고 올해 안에 신입 및 경력직 직원을 모집하는 기업이 있어 잡코리아가 소개하고자 한다   일 취업 플랫폼 잡코리아에 따르면  에스엘  현대건설  동우화인켐  삼양식품은  신입 및 경력직 직원을 모집 ,0
10,현대건설  교육운영 영상제작 분야 신입 경력직 채용,0,현대건설이 현대건설기술교육원에서 근무할 신입 및 경력사원 채용을 진행한다   일 건설취업플랫폼 건설워커에 따르면  이번 채용의 모집분야는 교육운영관리와 영상제작관리로 나뉜다  교육운영관리 직무는 ,0
11,장안대   하반기 취업스킬 경진대회  개최,0,  하반기 취업스킬 경진대회는 신입생을 제외한  학년부터  학년까지 재학중인 학생들을 대상으로 코로나  확산으로 변화된 비대면 채용절차를 체험할 기회를 제공하고 취업 자신감을 높여 구직기술과 취업역량을 ,0
12,숭실사이버대  공학과  정보보안전공 취업 커리큘럼 운영 실무 중심 교육 실현,1,실무 중심 커리큘럼으로 사이버 보안을 책임지는 스마트 정보화 시대 인재를 배출하고 있는 숭실사이버대학교  공학과에서는  학년도  학기 신입생 및 편입생 모집을 진행하고 있다  자세한 모집요강은 학교 ,0
13, 학과 학과 경희대 수학과  서울시립대보다 취업률 높아,0,대학 간 비교 시에는 졸업 후 취업률  중도탈락률  신입생 충원율 등 정량 지표를 주로 활용  객관성을 유지할 계획이다  수험생에게 어느 한 쪽으로 치우치지 않는 정보를 제공해 대학 선택에 도움을 주기 ,0
14,취업 가뭄이라는데  토스  보험분석매니저  명 더 뽑는다,1,토스인슈어런스가 연말 신입 보험분석매니저  명을 더 채용하고 본격적인 사업 확정에 시동을 건다  토스인슈어런스는 올해 보험업계 경력이 없는 신입 보험분석매니저  여명을 채용했다고  일 밝혔다  이에 따라 ,0
15,중앙대학교 평생교육원  학점은행제 주말 전공 학사학위 과정 신입생 모집,1,취득과정 신입생을 모집 중이다  중앙대학교에 따르면  주말 학사학위 과정의 경우에 평소 관심은 있으나  취득하여 취업을 하거나 석사학위 과정을 목표로 하는 수험생들에게 적합한 과정으로 토요일 주  회 수업으로 ,0
16,충남인력개발원  디지털 뉴딜사업  차 산업 신입생 모집,0,충남인력개발원이 디지털  차 산업분야 뉴딜사업 일환으로 고용노동부가 주관한 년 전반기 신입생  충청권에 취업으로 지역에서 맹활약을 보인다  이어 여 명의 재직근로자의 직무능력향상교육을 ,0
17,취업에 강한 폴리텍 김제캠퍼스  전북 폴리텍으로 재도약,1,오는  일까지 신입생을 모집중인데 지난해에는  대   을 기록했다  학령인구 감소와 마이스터고 및 특성화고의 선취업으로 예전보다는 다소 낮아졌지만 높은 취업률과 이를 뒷받침하는 교육환경에 대한 기대감이 ,0
18,  취업패키지 활용해 장애인 채용에 앞장,0, 일 전북혁신도시   본사에서 임용장 수여식 후  왼쪽에서 세 번째  오애리   경영이사와 신입직원들이 기념촬영을 하고 있다   사진제공 한국국토정보공사   한국국토정보공사 이하  가 장애인 취업지원 제도를 ,0
19,항공정비 전문가 양성 한국에어텍  학년도 신입생 모집,1,항공정비 전문가를 양성하는 한국에어텍항공직업전문학교 이하 한국에어텍 가  학년도 신입생 모집을  상담과 취업지원을 하고 있다  또한 수준별 맞춤 토익 특강과 실전 면접진행 등 취업 중심의 커리큘럼을 ,0
20, 비대면 취업지원 시스템으로  코로나 취업난  이겨냈어요 ,1,청년드림대학과 일자리운영센터 운영 대학 가운데 진로지도 및 취업 창업 지원을 잘한 곳을 베스트  예비 신입생 오리엔테이션을 연 경기대는 난관에 부딪혔다   일간 전공별 직무를 소개하고 대학생활 설계를 돕는 ,0
21,올해 신입사원 합격스펙  평균  졸업학점   점 토익점수   점,0,잡코리아는 올해 신입직 취업에 성공한  년대졸 학력의 신입사원의  합격스펙 을 조사한 결과를 공개했다  자료에 따르면  매년 증가 추세를 보이던  인턴경험  과  자격증 취득  비율은 감소하고 ,0
22,수능 후 한국과학기술직업전문학교  학년도 신입생 선발,1,면접전형으로 신입생을 선발 중이다  과기전 관계자는  항공정비 단일과정을 운영하며 항공정비사 취업에 있어 가장 중요한 면장 취득에 유리한 실습이 진행되고 있으며 실제로 본교의 항공정비사 면장  항공산업기사 등 ,0
23, 조기취업형 계약학과   개 대학  참여기업 모집 실무형 우수인재 키운다,1,학사급 실무형 우수인재 조기 확보 및 신입사원 교육 비용 절감 교육부 부총리 겸 교육부장관 유은혜 와 한국산업기술진흥원 원장 석영철 이 주관하고 있는  조기취업형 계약학과 선도대학 육성사업 에 참여하는  개 ,0
24, 저축은행 대졸신입 채용 비대면 화상면접 실시,1, 저축은행이 코로나  확산 방지를 위해 대졸신입 수시채용 과정에서 비대면 화상 면접 제도를 도입한다   저축은행 관계자는  코로나 로 인해 많은 기업들이 채용을 중단하거나 취소하는 상황이 잦아 취업준비생 ,0
25, 기업은행  코로나  사태 속 전국  명 신입행원 시험 강행 수험생 시험 연기  청와대 청원 ,0,예정된 신입행원 필기시험을 강행 할 것으로 보여 수험생들이  차 감염 우려의 불안 속에 시험연기를  그는 이어  저는 취업을 하고 싶지만  코로나에 걸리고싶진 않습니다  하지만 을의 입장인 취준생이기에 ,0
26, 신입사원 취업연령 갈수록 높아져 ,0,한편 취업에 성공한 신입사원이 퇴사를 결심하는 기간은 입사 후  개월 전후인 것으로 나타났다  취업포털 인크루트는 입사  년차 미만 신입사원  명을 대상으로 퇴사결심 시기 및 이유에 대해 조사한 결과  ,0
27,일본 인사담당자에게 듣는 일본  기업 취업 전략,0,일본 학생들은 취업을 위해 신졸 대학졸업 후 신입사원으로 입사하는 경우를 가리키는 말  대상 취업활동 사이트에 등록하는 경우가 대부분입니다  잘 알려진 매체로는 마이나비  리쿠나비   캠퍼스   ,0
28, 예비 유니콘에 취업하는 것은 어떨까 ,1, 예비 유니콘에 취업하는 것은 어떨까  이른바  로켓 신화 를 일군 스타트업들이 공격적으로 인재  밀키트 시장 업계  위 기업인  프레시지 가 신입 및 경력 사원을 모집하고 있다  모집 부문은 ,0
29,서울 특성화고  곳  내년도 신입생  만 명 모집,0,한편 최근 특성화고가 취업률 하락과 신입생 미달 등으로 위기를 맞자 다양한 타개책들이 마련되고 있다  국회 교육위 소속 정청래 더불어민주당 의원이 교육부에서 받아 분석한 자료에 따르면 직업계고 취업률은 ,0
30,직업계  취업률    정부  년만에 주저앉았다,1,서울의 한 특성화고 취업부장은  하도 고졸 취업이 어렵다 보니 특성화고에서도 신입생을 유치하려고  취업이 잘된다 가 아니라  특례전형으로 대학 가기 쉽다 고 홍보하고 있는 상황 이라고 말했다 ,0
31,삼성 네이버 등 하반기 신입공채 비대면이 대세,0,취업포털 인크루트는 하반기 신입모집에 나선 주요 기업의 채용 소식을  일 정리해 발표했다  인크루트   삼성 포스코  삼성은 지난  일 하반기  급 신입사원 모집에 돌입했다  삼성전자와 삼성디스플레이 ,0
32,충북대  진로 취업 도와드려요,1,진로 취업 로드맵과 함께하는 신입생 멘토링 을 운영했다  이번 프로그램은  신입생 정착 멘토링 에 참여하고 있는 학생들을 대상으로 신청을 받아 총  회를 진행  신입생  여 명에게 충북대에서 운영하는 다양한 교과 ,0
33, 년 한경 대학 취업 창업 평가  울산과학대   년 연속 경남 경북 강원 권역  위  전국  위 등극,1,속에서도 신입생 모집에서 눈에 띄는 성과를 내고 있다   학년도 수시  차 모집에서는 정원 내  지난해 신입생 모집결과를 보면 서울 경기 지역 대학만 충원률  를 달성했고   에 살짝 못 미치는 수치로 ,0
34,동국대 전산원  직장인 야간대학교 개념  학년도  월 신입생 모집 나서,1,주말학사과정 신입생을 모집한다고 밝혔다  주말학사과정은 고등학교 졸업 예정 이상 학력 소지자로  현재 동국대 전산원은 성공적인 취업사례와 학사편입 및 대학원 합격자 명단을 홈페이지에 공개하고 있으며 ,0
35, 출근길  취업자  개월 연속 감소  이후 최장 감소세 경제단체  중대재해법 철회하라     경제 ,0, 세대 취준생  는 정년 퇴임 목표로 안 해  세대  신입 취업준비생  명 중  명 이상은 첫 직장에서 정년까지 다니는 것을 목표로 하지 않는 것으로 나타났습니다  취업포털 사람인이  대  세대  구직자 ,0
36,대기업 신입사원도 받는 근로장려금 논란,0,이러한 경우 연봉이 높은 신입사원도 하반기에 취업해 월급을 몇 달치만 받았다면 연소득이  천만원을 넘지 않아 장려금을 받을 수 있는 조건이 된다  실제로 제도 개편 이후   세 미만 단독 가구에만 매년 약  천억원이 ,0
37, 첫 출근 언제하죠 대한항공 신입사원  여명   년째  입사 대기 ,1,업계에 따르면 이미 일부 신입사원들은 대한항공 입사를 기다리지 못하고 다른 기업에 취업한 것으로 전해졌다  대한항공도 다른 회사 입사를 막고 있지는 않다  특히 한진그룹이 대한항공과 아시아나항공의 합병을 ,0
38,지방서 수도권으로 재입사  공기업  중고신입 늘었다,1,신입 직원들 입장에서는 작은 기관에 취업했다가  년 정도 경력을 쌓은 뒤 더 좋은 기관 신입으로 다시 도전해 취업해도 손해볼 것은 없다  임금이 높아지니 연봉 보전도 되는 데다 기존 직장에서 쌓은 노하우가 있어 ,0
39, 삼성에서   배웠습니다  믿고 뽑는다는 대기업 취업지원프로그램 수료자들,0,  취업준비생 김모 씨는 지난  월부터 진행하고 있는  삼성 청년 소프트웨어 아카데미   기  방식으로 신입사원  명을 뽑기도 했다  금융업계 관계자는  최근 은행권은 물론 증권  보험업계까지 ,0
40,용인송담대학교 대학일자리센터  백암고와 협업 지역청년 지원 취업프로그램 시행 ,0, 용인송담대학교 총장 최성식  대학일자리센터는 최근 백암고등학교와 협업하여 대학교 비진학 학생들 대상으로 신입사원 직장예절 을 주제로 취업역량강화 특강을 진행했다  용인송담대학교 대학일자리센터 백암고와 ,0
41,올해 신입사원 합격스펙  평균  졸업학점   점 토익점수   점,0,잡코리아는 올해 신입직 취업에 성공한  년대졸 학력의 신입사원의  합격스펙 을 조사한 결과를 공개했다  자료에 따르면  매년 증가 추세를 보이던  인턴경험  과  자격증 취득  비율은 감소하고 ,0
42,수능 후 한국과학기술직업전문학교  학년도 신입생 선발,1,면접전형으로 신입생을 선발 중이다  과기전 관계자는  항공정비 단일과정을 운영하며 항공정비사 취업에 있어 가장 중요한 면장 취득에 유리한 실습이 진행되고 있으며 실제로 본교의 항공정비사 면장  항공산업기사 등 ,0
43, 조기취업형 계약학과   개 대학  참여기업 모집 실무형 우수인재 키운다,1,학사급 실무형 우수인재 조기 확보 및 신입사원 교육 비용 절감 교육부 부총리 겸 교육부장관 유은혜 와 한국산업기술진흥원 원장 석영철 이 주관하고 있는  조기취업형 계약학과 선도대학 육성사업 에 참여하는  개 ,0
44, 저축은행 대졸신입 채용 비대면 화상면접 실시,1, 저축은행이 코로나  확산 방지를 위해 대졸신입 수시채용 과정에서 비대면 화상 면접 제도를 도입한다   저축은행 관계자는  코로나 로 인해 많은 기업들이 채용을 중단하거나 취소하는 상황이 잦아 취업준비생 ,0
45,  취업패키지 활용 통해 공공기관 장애인 채용 앞장서,1,한국국토정보공사 가 장애인 취업지원 제도를 적극 활용해 장애인 채용에 적극 임하고 있다   는  오애리   경영이사 사진 왼쪽에서 세 번째 가  일 전북혁신도시   본사에서 장애인 신입직원 임용장 수여식 후 ,0
46, 뉴스투데이   한국국토정보공사  취업패키지 활용 장애인 채용,1, 편집자주  전북혁신도시   본사에 장애인 신입직원이 임용장 수여식 후 기념촬영을 하고 있다   사진제공 한국국토정보공사  한국국토정보공사 가 장애인 취업지원 제도를 활용해 장애인 채용에 앞장선다 ,0
47, 기업은행  코로나  사태 속 전국  명 신입행원 시험 강행 수험생 시험 연기  청와대 청원 ,0,예정된 신입행원 필기시험을 강행 할 것으로 보여 수험생들이  차 감염 우려의 불안 속에 시험연기를  그는 이어  저는 취업을 하고 싶지만  코로나에 걸리고싶진 않습니다  하지만 을의 입장인 취준생이기에 ,0
48, 신입사원 취업연령 갈수록 높아져 ,0,한편 취업에 성공한 신입사원이 퇴사를 결심하는 기간은 입사 후  개월 전후인 것으로 나타났다  취업포털 인크루트는 입사  년차 미만 신입사원  명을 대상으로 퇴사결심 시기 및 이유에 대해 조사한 결과  ,0
49,일본 인사담당자에게 듣는 일본  기업 취업 전략,0,일본 학생들은 취업을 위해 신졸 대학졸업 후 신입사원으로 입사하는 경우를 가리키는 말  대상 취업활동 사이트에 등록하는 경우가 대부분입니다  잘 알려진 매체로는 마이나비  리쿠나비   캠퍼스   ,0
50, 예비 유니콘에 취업하는 것은 어떨까 ,1, 예비 유니콘에 취업하는 것은 어떨까  이른바  로켓 신화 를 일군 스타트업들이 공격적으로 인재  밀키트 시장 업계  위 기업인  프레시지 가 신입 및 경력 사원을 모집하고 있다  모집 부문은 ,0
51,서울 특성화고  곳  내년도 신입생  만 명 모집,0,한편 최근 특성화고가 취업률 하락과 신입생 미달 등으로 위기를 맞자 다양한 타개책들이 마련되고 있다  국회 교육위 소속 정청래 더불어민주당 의원이 교육부에서 받아 분석한 자료에 따르면 직업계고 취업률은 ,0
52,올해 신입사원 합격스펙  인턴경험 줄고 영어말하기 늘었다,1,잡코리아가 올해 신입직 취업에 성공한  년대졸 학력의 신입사원  명의  합격스펙 을 조사한 결과  매년 증가 추세를 보이던  인턴경험  과  자격증 취득  비율은 감소하고   영어말하기 점수  보유자가 ,0
53,용인송담대 대학일자리센터  백암고와 지역청년 지원 취업프로그램 시행,0,용인송담대학교 대학일자리센터는 최근 백암고등학교와 협업해 대학교 비진학 학생들 대상으로  신입사원 직장예절 을 주제로 취업역량강화 특강을 진행했다   사진 용인송담대 제공  용인송담대학교 총장 최성식 ,0
54,직업계  취업률    정부  년만에 주저앉았다,1,서울의 한 특성화고 취업부장은  하도 고졸 취업이 어렵다 보니 특성화고에서도 신입생을 유치하려고  취업이 잘된다 가 아니라  특례전형으로 대학 가기 쉽다 고 홍보하고 있는 상황 이라고 말했다 ,0
55,삼성 네이버 등 하반기 신입공채 비대면이 대세,0,취업포털 인크루트는 하반기 신입모집에 나선 주요 기업의 채용 소식을  일 정리해 발표했다  인크루트   삼성 포스코  삼성은 지난  일 하반기  급 신입사원 모집에 돌입했다  삼성전자와 삼성디스플레이 ,0
56, 교육비 전액 무료  청년 직업 자립 프로그램   뉴스쿨   신입생 모집,0, 대 청년 직업 교육 프로그램   뉴스쿨 이  일부터  일까지  주간   신입생을 모집한다고  일 전했다  통해 취업하고 건강한 사회 구성원으로 자립하길 바란다 고 말했다    뉴스쿨 학과별 선발인원은 ,0
57,충북대  진로 취업 도와드려요,1,진로 취업 로드맵과 함께하는 신입생 멘토링 을 운영했다  이번 프로그램은  신입생 정착 멘토링 에 참여하고 있는 학생들을 대상으로 신청을 받아 총  회를 진행  신입생  여 명에게 충북대에서 운영하는 다양한 교과 ,0
58, 년 한경 대학 취업 창업 평가  울산과학대   년 연속 경남 경북 강원 권역  위  전국  위 등극,1,속에서도 신입생 모집에서 눈에 띄는 성과를 내고 있다   학년도 수시  차 모집에서는 정원 내  지난해 신입생 모집결과를 보면 서울 경기 지역 대학만 충원률  를 달성했고   에 살짝 못 미치는 수치로 ,0
59,동국대 전산원  직장인 야간대학교 개념  학년도  월 신입생 모집 나서,1,주말학사과정 신입생을 모집한다고 밝혔다  주말학사과정은 고등학교 졸업 예정 이상 학력 소지자로  현재 동국대 전산원은 성공적인 취업사례와 학사편입 및 대학원 합격자 명단을 홈페이지에 공개하고 있으며 ,0
60, 출근길  취업자  개월 연속 감소  이후 최장 감소세 경제단체  중대재해법 철회하라     경제 ,0, 세대 취준생  는 정년 퇴임 목표로 안 해  세대  신입 취업준비생  명 중  명 이상은 첫 직장에서 정년까지 다니는 것을 목표로 하지 않는 것으로 나타났습니다  취업포털 사람인이  대  세대  구직자 ,0
61,대기업 신입사원도 받는 근로장려금 논란,0,이러한 경우 연봉이 높은 신입사원도 하반기에 취업해 월급을 몇 달치만 받았다면 연소득이  천만원을 넘지 않아 장려금을 받을 수 있는 조건이 된다  실제로 제도 개편 이후   세 미만 단독 가구에만 매년 약  천억원이 ,0
62, 첫 출근 언제하죠 대한항공 신입사원  여명   년째  입사 대기 ,1,업계에 따르면 이미 일부 신입사원들은 대한항공 입사를 기다리지 못하고 다른 기업에 취업한 것으로 전해졌다  대한항공도 다른 회사 입사를 막고 있지는 않다  특히 한진그룹이 대한항공과 아시아나항공의 합병을 ,0
63,지방서 수도권으로 재입사  공기업  중고신입 늘었다,1,신입 직원들 입장에서는 작은 기관에 취업했다가  년 정도 경력을 쌓은 뒤 더 좋은 기관 신입으로 다시 도전해 취업해도 손해볼 것은 없다  임금이 높아지니 연봉 보전도 되는 데다 기존 직장에서 쌓은 노하우가 있어 ,0
64, 삼성에서   배웠습니다  믿고 뽑는다는 대기업 취업지원프로그램 수료자들,0,  취업준비생 김모 씨는 지난  월부터 진행하고 있는  삼성 청년 소프트웨어 아카데미   기  방식으로 신입사원  명을 뽑기도 했다  금융업계 관계자는  최근 은행권은 물론 증권  보험업계까지 ,0
65, 대졸 신입  고졸한테 인사도 안 시켜 특성화고에 드리운  차별 ,0,신양은  실제 특성화고를 졸업하고 취업한 언니들이  고졸 이라는 이유로 차별적인 말을 많이 들었다고  대졸 신입이 처음 들어오면  고졸한테는 인사를 안 시켜준다 며 차별을 경험했다고 밝혔다  심지어는 고졸인데 ,0
66, 문송 도  개월이면 개발자로 취업하는 방법,1,코로나  장기화로 취업 문턱이 더 높고 단단해진 가운데 경력사원은 물론 신입사원에게도 새로운 분야의 취업 문을 열어주는 스타트업이 눈길을 끈다  코드스테이츠는 전공이나 배경  경제적 여건과 상관없이 구직자의 ,0
67,충북대 진로 취업 로드맵 그린다,1,진로 취업 로드맵과 함께하는 신입생 멘토링 을 운영했다  프로그램은  신입생 정착 멘토링 에 참여하고 있는 학생들을 대상으로 신청을 받아 진행했으며 총  회를 진행해 신입생  여 명에게 충북대에서 운영하는 ,0
68,창성그룹 신입 경력 공채   주 창성 창성건설 주   일까지 서류 접수,0,창성그룹은 신입 및 경력사원 공채를 실시한다고  일 밝혔다  코로나  팬데믹 세계적 대유행 으로 인한  창성그룹 인사 채용 관계자는  코로나  로 어려운 취업 상황이 지속되고 있지만  이번 공채뿐만 아니라  년 ,0
69,신입 구직자    하반기 구직 포기 ,0,취업플랫폼 잡코리아가 신입 구직자  명을 대상으로  하반기 구직활동 현황 을 조사한 결과다  먼저 잡코리아가 설문에 참여한 신입 구직자들에게  현재 하반기 구직활동을 하고 있는지  물었다  그 결과  ,0
70,청년 취업부터 고민까지 책임지는  대학일자리센터 ,0,경남대는 코로나 로 대학 생활 적응에 어려움을 겪는 신입생들을 위해 원스톱 상담지원 체계인  고상해 고민상담해결 드림  프로젝트를 구축했다  학생들이 대학일자리센터 등 진로상담과 취업지원을 담당하는  개 ,0
71,대기업 신입사원도 받은  근로장려금 ,1,이 때문에 연봉이 높은 신입사원이라도 취업을 하반기에 해 월급을 몇 달치만 받았다면 연소득이  천만 원에 못 미쳐 근로장려금을 받을 수 있게 됐다  자신의 회사를 인증하고 활동하는 블라인드 앱의 게시판에서 ,0
72, 학과 학과 대입성적 취업률은 국민대 행정 인기는 단국대,0,대학 간 비교 시에는 졸업 후 취업률  중도탈락률  신입생 충원율 등 정량 지표를 주로 활용  객관성을 유지할 계획이다  수험생에게 어느 한 쪽으로 치우치지 않는 정보를 제공해 대학 선택에 도움을 주기 위해서다 ,0
73,코로나로 막힌 취업문 드디어 열리나 내년도 신입사원 인턴채용 시작,0, 일 취업포털 인크루트와 취업성공  위 플랫폼 잡코리아는 내년도 대졸신입 및 인턴 채용을 시작한 기업들을 소개했다  먼저 현대자동차는 제네시스 전략지원 부문 채용전환형 인턴을 선발한다  모집분야는 ,0
74,전남대  신입생 수시모집 면접 실시간 화상으로 진행,0,전남대학교가 내년 신입생 수시모집을 위한 면접을 실시간 화상으로 진행한다  전남대학교는 지난  월  조기취업형계약학과 수험생은 여수캠퍼스에서 대면 면접을 실시할 예정으로 면접장소와 시간은  월  일 전남대 ,0
75,취업시장 대세  올드루키 명 중  명  중고신입 갈 수 있다 ,0, 올드루키  정말 경쟁력 있나  조직 생활 경험  강점 업종별  온도차  중고신입은 취업시장에서 유리할까  불리할까  블라인드 채용이 늘어나 나이 제약이 적어지고 경기 불황으로 신입 교육에 자원을 투자할 ,0
76, 고난이도 과제에  시간 교육까지  국민은행의 황당한 신입 공채에 취준생 분노,0,서류 단계서 난이도 높은 사전과제 제출 요구 과제내고 교육 받은 뒤 면접 전 탈락하면  무용지물   국민은행의 신입사원 채용 공고가 취업 준비생 사이에서 논란이 되고 있다  서류 전형 단계에서 면접시 필요한 과제를 ,0
77,수능 이후 한국 직업전문학교 인공지능학과   학년도 신입생 선발,0,평가해 신입생을 선발 중이다  인공지능학과는 체계적인 현장 실무 교육과 학생들이 팀을 이뤄 주도적으로 프로젝트 작품을 개발해나가는 프로젝트 시스템을 통해 매년 높은 취업률을 달성하고 있는 곳으로 많은 ,0
78,대졸 신입사원 평균 나이는  대 때 보다  세 많아져 ,1,지난달 인크루트가 구직자  명 대상으로 조사한 결과  대졸 신입 취업 나이 상한선에 대해 남성은  살  여성은  살이라고 대답했다   년 인사담당자가 밝힌 남녀 입사 마지노선도 남자는 평균  세  여자는 ,0
79,대졸 신입 연령대  대로 외환위기 때보다  세 가량 높아져,0, 년제 대학을 졸업하고 첫 취업을 하는 신입사원들의 연령대가 외환위기 때보다  세 가량 높아졌다는 조사 결과가 나왔다  취업 포털 인크루트가  일 발표한 자료에 따르면   년 대졸 신입사원의 평균 나이는  ,0
80, 일부터 서울시 특성화고 신입생 선발전형 시작,0, 파이낸셜뉴스  서울특별시교육청은  학년도 특성화고등학교 신입생 선발전형을 오는  일부터  특성화고 특별전형 중 미래인재전형은 출결  봉사활동  학업계획서 및 자기소개서 등을 반영하며 취업과 창업 의지가 ,0
81,올해 신입사원 합격스펙  인턴경험  줄고  영어말하기  늘어 ,1,잡코리아가 올해 신입직 취업에 성공한  년대졸 학력의 신입사원  명의  합격스펙 을 조사한 결과 매년 증가 추세를 보이던  인턴경험  과  자격증 취득  비율은 감소하고   영어말하기 점수  보유자가 크게 증가한 ,0
82,취업할 때 가장 중요한 스펙은   학벌보다 인턴 경험이 더 중요 ,1,  구직자  학벌  전공보다 인턴 경험 중요   일 취업정보 사이트  진학사 캐치 가  대 취업준비생   그룹은 올해부터 신입사원의   이상을 채용 연계형 인턴으로 선발한다고 밝혔다    역시 올해 하반기 ,0
83, 취업  티몬  하반기 신입   공개 채용,0,티몬이 두 자릿수 규모의 신입   공개 채용을 시작한다고  일 밝혔다  서류접수 후 빠르면  주일 만에  채용 대상은  가전  식품  패션  리빙 등 전체 카테고리의 상품 소싱을 담당할 신입  ,0
84,직장인    경력 포기 신입 지원  가장 큰 이유는 바로 ,0,못하고 신입사원으로 취업해도 괜찮다는 직장인들이 상당수에 이르는 것으로 보인다 고 분석했다  한편 지난해 잡코리아 조사 결과  실제 인사담당자  명중  명 은  신입직 채용 시 올드루키 지원자가 ,0
85, 구직자  명 중  명  하반기 취업 못할 것 같아 ,1,취업플랫폼 사람인이 신입 구직자  명을 대상으로  하반기 취업 자신감 에 대해 조사한 결과   가  취업할 자신이 없다 고 응답했다  성별로는 여성 이 남성 보다 자신 없다고 응답한 비율이  ,0
86,패션단일전공 서울패션직업전문학교  수시 차 추가모집 기간 신입생 선발,1,맞춰 신입생을 선발한다고  일 밝혔다 서울패션직업전문학교는 패션디자인과 패션비즈니스전공으로  폭넓은 취업 지원뿐만 아니라 공모전  크루 를 운영하여  한국의상디자인학회 제로웨이스트 총  명 수상 및 ,0
87, 될성 부른 신입 보다  즉시 투입 경력  뽑는 대기업,0,대졸 신입사원의 취업 문은 더욱 좁아진 셈이다  채용 전형이 시작부터 끝까지 언택트로 속속 바뀌는 점도 코로나 가 낳은 특징이다  대졸 신입사원 공채 속속 없애고 수시 채용 도입  일 재계에 따르면 주요 그룹 ,0
88,한국과학기술직업전문학교  학년도 신입생 선발,1,면접전형으로 신입생을 선발 중이다  과기전 관계자는  항공정비 단일과정을 운영하며 항공정비사 취업에 있어 가장 중요한 면장 취득에 유리한 실습이 진행되고 있으며 실제로 본교의 항공정비사 면장  항공산업기사 등 ,0
89,충북대  신입생 진로 설계 돕는 멘토링 운영,0,충북대 대학일자리센터는 지난  월  일부터 이달  일까지   진로 취업 로드맵과 함께하는 신입생 멘토링 을 운영했다  이 프로그램은 신입생들이 저학년부터 학과 학년별 진로 취업 로드맵을 활용해 진로를 ,0
90, 양승훈의 공론공작소 청년정책  취업 넘어 커리어 형성 도와라,1,것이 취업률이다  기본은 신입생 재학생  올해도 입학처의 비장한 당부와 함께 신입학 전형을 진행했다  인구 절벽에 코로나 로 인한 교육의 질 저하로 지원자가 급격히 줄 수 있다는 것이었다  교수들은 입학 면접 때 ,0
91,신입 구직자    코로나 때문에 하반기 구직 포기했다 ,0,취업포털 잡코리아가 신입 구직자  명을 대상으로  하반기 구직활동 현황 을 조사한 결과  가 현재 하반기 구직활동을 하고 있다고 답했다   는  자격증 취득 등을 이유로 구직활동을 잠시 미뤄둔 상태 ,0
92,구직자  명중  명  하반기 취업 자신없다 ,0,취업포털 사람인은 신입 구직자  명을 대상으로  하반기 취업 자신감 에 대해 조사한 결과   가  취업할 자신이 없다 고 답했다고  일 밝혔다  성별로는 여성 이 남성 보다  취업에 자신 없다 고 응답한 ,0
93,기업  곳 중  곳  신입사원 연령 높아져 ,1,취업 시장이 갈수록 얼어 붙으면서 기업들의 신입사원 연령도 높아지는 것으로 나타났다   일 구인구직 매칭 플랫폼 사람인이 기업  개사를 대상으로  신입사원 연령 변화 를 조사한 결과   곳 중  곳 이 ,0
94,올 상반기 바늘구멍 뚫기보다 힘든 취업성공 신입사원은 누구 ,0,코로나  여파에도 취업에 성공한 신입사원은 누구일까  취업포털 사람인은 올 상반기 신입 채용을 진행한  개 기업을 대상으로  신입사원 채용 결산 및 합격 스펙 을 조사한 결과 신입사원의  가 ,0
95,입학 취업률 등 따져 재정지원 제한  대학 걸러낸다,0,임은희 대학교육연구소 연구원은  지방의 소규모 대학일수록 신입생 충원율  졸업생 취업률 같은 기준을 만족시키기 쉽지 않다  재정지원 제한 대학은 사실상 정부가 붙인  퇴출 대상  딱지가 될 가능성이 높다 고 ,0
96,  신입 취업목표  위 공기업 희망연봉은  만원,1, 년 신입직 구직자의 취업 목표  위는 공기업이라는 조사 결과가 나왔다  잡코리아는 구직자  명을 대상으로 취업 목표 기업 등을 조사한 결과  응답자의  가 공기업 취업을 희망했다고  일 밝혔다  이어 ,0
97, 학과 학과 국민대 국제통상  취업 우세 수시경쟁률 서울과기대,0,대학 간 비교 시에는 졸업 후 취업률  중도탈락률  신입생 충원율 등 정량 지표를 주로 활용  객관성을 유지할 계획이다  수험생에게 어느 한 쪽으로 치우치지 않는 정보를 제공해 대학 선택에 도움을 주기 위해서다 ,0
98, 건설 서한 화성산업 등 건설사 신입 경력채용,0, 일 건설취업플랫폼 건설워커에 따르면  건설  서한  화성산업  동인종합건설 등이 신입 및 경력사원 채용을 진행한다  먼저  건설이 신입사원을 모집한다  모집분야는 건축 시공 이며 자격요건은  정규  년제 대학 ,0
99, 신입사원  명 중  명꼴 조기퇴사  커리어하이  직무교육으로 실업문제 해결 앞장서,0,국내 한 취업포털이 지난해 기업  개사를 대상으로  입사  년 미만 신입사원 중 퇴사자 발생 여부 를 조사한 결과  가  있다 고 답했다   년 같은 조사 결과였던   대비  포인트 늘어난 수치다  전체 ,0
100, 취업    신입 경력사원 공개 채용 실시,0,사진   가  년도 신입 경력사원 공개 채용 을 실시한다고  일 밝혔다  올해 채용 예정 인원은 약  명으로 지난해와 비슷한 수준을 유지했다  올해 신입사원 채용은  급 원급 전형과  급 전형으로 나뉘어 ,0
101,수시가 공채 비중 첫 역전 신입  발 붙일 데 없어요 ,0, 이상민 취업준비생   저 같은 신입은 도저히 발붙일 데가 없는 상황이더라고요  수시 채용이 늘어난다고  오 좋은데  했는데 알고 보니까 더 실망감만 큰  신입 채용 규모가 줄고 수시 채용으로 빠르게 바뀌면서 ,0
102,올 상반기 코로나  뚫고 취업성공한 신입사원 스펙은 ,1,코로나  여파에도 올 상반기 취업에 성공한 신입사원의 스펙은 어느 정도일까  취업포털 사람인은 올 상반기 신입 채용을 진행한  개 기업을 대상으로  신입사원 채용 결산 및 합격 스펙 을 조사한 결과 ,0
103,한국 직업전문학교 융합보안학과   학년도 신입생 모집  보안전문가 양성,1, 학년도 신입생을 선발한다고 밝혔다  한국 직업전문학교는 실기 위주의 교육을 통해 재학기간 중 다양한 개발 활동과 포트폴리오 제작으로 안정적인 취업을 지원하고 있다   년제로 운영하며 졸업 시  년제 학사학위 ,0
104,좁아진 저축은행 채용문 만 신입 채용 돌입,0,특히 경력직 선호 현상이 저축은행 업권 내에서도 두드러지면서 대졸 신입을 대상으로 한 취업 한파가 예상된다  한 저축은행 관계자는  시장 불확실성이 커지고 영업점도 줄어드는 추세 속에 신입을 채용해 양성하는 ,0
105,금감원   년 신입공채 온라인 채용설명회,1, 부는 올해 입사한 신입직원  명이 취업준비 과정  필기시험 면접 노하우 등 후기를 들려주는 내용으로 진행된다  방송 중 실시간 채팅을 통한 질의응답도 가능하다  금감원은 금융소비자에게 유익한 금융정보를 ,0
106,호텔학교 호텔경영학과 취업역량 향상 시킬 수 있는 이미지메이킹 교육진행,1,호텔학교 한호전은 대학보다 높은 취업률과 해외 취업연계 프로그램을 갖추고 있으며  내신 및 수능 성적 반영 없이 입학사정관제 면접전형으로 학생을 선발하고 있다  현재 관광학과과정은 신입생 모집을 진행하고 ,0
107, 취업    신입 경력직원 총  명 채용,0, 는 코로나 로 침체된 취업시장에 활력을 불어넣기 위해  급 신입직원  명   급 경력직원  명 등 총  명의 대규모 채용을 실시한다고  일 밝혔다  채용 일정은 이날 모집공고를 시작으로  오는  일 월  일 원서 ,0
108,신입 구직자    비정규직이라도 취업하겠다 ,0,신종 코로나바이러스 감염증 코로나  여파로 취업 시장이 얼어 붙으면서 신입 구직자 절반 이상은 비정규직으로라도 취업을 원하는 것으로 나타났다  구인구직 매칭 플랫폼 사람인은 신입 구직자  천 명을 ,0
109, 뉴스터치   신입사원 근태 복장 실수 용납 못해 ,0,어렵게 취업에 성공했더라도 신입 사원이라면 절대 해서는 안 되는 실수가 있다고 합니다  재밌게 보셨나요  하지만 이러한 모습들이  신입사원이라도 절대 해서는 안 되는 치명적인 실수 라고 합니다  한 ,0
110,신입사원 퇴사 결심 이유는 연봉보다 사람 때문,0,취업포털 인크루트가 입사  년차 미만 신입사원  명을 대상으로  퇴사결심 시기 및 이유 에 대해 조사한 결과다  먼저 설문에 참여한 신입사원 가운데  는 퇴사를 고민해봤다고 답했다  그 이유 복수선택 로는 ,0
111,서울 특성화고 내년도 신입생 선발 개교서  만 여명,0,특성화고등학교의 경우 성적보다 학생의 창업 취업 의지 등을 중점에 두고 신입생을 선발하기 때문에 특별전형 모집 비율이 높다는 것이 서울시교육청의 설명이다  특별전형 원서접수 기간은 오는  일이다  서류 ,0
112,신입 구직자    하반기 구직 포기 ,0,취업 플랫폼 잡코리아가 신입 구직자  명을 대상으로  하반기 구직활동 현황 을 조사한 결과를  일 전했다  설문에 참여한 신입 구직자들에게  현재 하반기 구직활동을 하고 있는지  물었다  그 결과  의 ,0
113, 신입사원 연령 높아졌다 ,0,신입사원 연령이 높아진 이유는 절반 이상  복수응답 이  취업난이 이어지고 있어서 라고 꼽았다   스펙을 쌓느라 시간이 많이 걸려서   중고 신입들이 늘어나서   지원자의 눈높이가 ,0
114,상반기 취업 성공한 신입사원  명 중  명은  이공계열 ,1,상반기 취업에 성공한 신입사원  명 중  명은  이공계열 인 것으로 나타났다   일 취업포털 사람인이 상반기 신입사원 채용을 한 기업  개사를 대상으로 진행한  신입사원 채용 결산 및 합격 스펙  결과를 ,0
115,바늘구멍 뚫은 신입사원 스펙 봤더니 이공계  ,0,자격증  개 토익  점 인턴경험 보유   예년보다 줄어든 채용에도 취업에 성공한 상반기 신입사원의 스펙은 어떨까  취업포털 사람인은 상반기 신입 채용을 진행한  개 기업을 대상으로 한  신입사원 채용 ,0
116,직장인  명 중  명  경력 포기하고 중고신입 지원 ,0,하는 직장인들이 증가하고 있다 면서  복지제도나 연봉 등 원하는 조건을 갖춘 일자리를 찾는다면 경력을 인정받지 못하고 신입사원으로 취업해도 괜찮다는 직장인들이 상당수에 이르는 것으로 보인다 고 설명했다 ,0
117, 토익  점에 이공계 상반기 신입사원 스펙 보니,0,예년보다 힘들었던 올 상반기 구직난을 뚫고 취업에 성공한 신입사원  명 중  명은 이공계열인 것으로 나타났다  구인구직 매칭 플랫폼 사람인은 상반기 신입 채용을 진행한 기업  개사를 대상으로 ,0
118,내년부터 학생 충원률 취업률 등 기준미달 대학  돈줄  끊는다,0, 년제 일반대학의 경우 전임교원확보율은   신입생충원율   졸업생 취업률   법인 책무성  를 충족해야 한다  전문대학의 경우 전임교원 확보율   신입생충원율   법인책무성은  를 충족해야 하며 졸업생 ,0
119,서울 특성화고 신입생  개교  만 천여명 선발,0,서울시교육청   일부터 특별전형 원서접수  학년도 특성화고등학교 신입생 선발전형이  일 시작된다  특성화고 특별전형 중 미래인재전형은 출결  봉사활동  학업계획서 자기소개서 등을 반영하며 취업과 창업 ,0
120,신입사원도  년차도  상사 잔소리  때문에 퇴사 결심,0,취업포털 인크루트가 직장인  명을 대상으로 퇴사결심 사유에 대해 설문조사 한 결과를  일 발표했다  그 결과  올해 입사한 신입사원은  상사 잔소리 를  입사  년 년차는  대인관계 ,0
121,충북대학교 대학일자리센터  신입생 멘토링 운영  진로와 취업 로드맵 그려요 ,0,진로 취업 로드맵과 함께하는 신입생 멘토링 을 운영했다고  일 밝혔다  이번 프로그램은  신입생 정착 멘토링 에 참여하고 있는 학생들을 대상으로 신청을 받아 진행했으며  총  회를 진행해 신입생  여 명에게 ,0
122,금성출판사 푸르넷 공부방   기 신입 지도교사 모집,0, 기 푸르넷 공부방 신입 지도교사 모집 부문은 공부방 교사 및 방문 교사다  교육 관련 경력이 없는 경력단절여성  재취업준비자  취업준비생 누구나 지원 가능하며 정규 대학 졸업자 및 졸업 예정자라면 전공 제한 ,0
123, 경기 침체에 코로나까지 대 그룹 중  곳 상반기 신입 공채,1,서미영 인크루트 대표는  대기업들의 대규모 공채가 줄면서 채용 규모 감소로 이어질 것이라는 우려가 나온다 며  신입사원들의 취업시장이 더욱 바늘구멍이 될 가능성이 커졌다 고 말했습니다  서 대표는  코로나 ,0
124, 저축   년 대졸신입 수시채용  진행,0, 저축은행은  년 대졸신입 수시채용  전형을 진행한다고  일 밝혔다  모집분야는 금융영업  통계    등  온라인 채용설명회는 저축은행에서는 처음 진행되는 것으로 기업정보  채용정보  취업 준비에 필요한 각종 ,0
125,게임 개발자  대학은  취업은  업계 경력자가 알려주는   토크,0,일이 어려우므로 사실상 신입이 하는 케이스는 극히 드물다  특정 사람이 회사 내에서 이것저것 하다 보니까 저절로 하게 되는 느낌이 크다  게임업계는 취업 이후에도 꾸준히 공부해야 하는 곳이다  기술 지향적이기 ,0
126,청년일자리 창출 교육모형인  조기취업형 계약학과  신입생 모집,0,교육부 부총리 겸 교육부 장관 유은혜 와 한국산업기술진흥원 원장 석영철 이 주관하고 있는  조기취업형   조기취업형 계약학과 선도대학 육성사업 은 청년 일자리 창출 교육모형으로  기업맞춤형 집중교육과 ,0
127,신입사원 퇴사결심까지  개월이면 충분 ,0, 일 취업포털 인크루트가 입사  년차 미만 신입사원  명을 대상으로  퇴사결심 시기 및 이유 에 대해 조사한 결과다  먼저 설문에 참여한 신입사원 가운데  는 퇴사를 고민해봤다고 답했다  그 이유 복수선택 ,0
128,대졸 신입사원 평균연령  대 외환위기 때보다  살 늘었다,1,인크루트가 지난달 구직자  명 대상으로 대졸 신입 취업 나이 상한선에 대해 설문 조사한 결과 남성은  살  여성은  살이라고 답하는 등 평균  살로 집계됐다  인크루트는  취업난으로 졸업을 미루는 ,0
129, 단독   너도 받았어  대기업 신입사원도 받은  근로장려금 ,0,이러다 보니  연봉이 높은 신입사원이라도 취업을 하반기에 해 월급을 몇 달치만 받았다면 연소득이  천만 원이 안 돼 장려금을 받을 수 있게 됐습니다  실제로 제도 개편 이후   세 미만 단독 가구에만 매년  천억 ,0
130,금감원  유튜브로 신입직원 채용설명회 개최,0,금감원 채용 담당자가 모집 요강 등을 안내하고 올해 입사한 신입직원  명이 취업 준비 노하우를 전달할 예정이다  채용설명회는 당일 오후  시  분부터 금감원 유튜브 및 페이스북 계정에서 생중계된다  방송 종료 ,0
131,직장인    경력 포기하고 중고신입 지원해 봤다 ,0,하는 직장인들이 증가하고 있다 면서  복지제도나 연봉 등 원하는 조건을 갖춘 일자리를 찾는다면 경력을 인정받지 못하고 신입사원으로 취업해도 괜찮다는 직장인들이 상당수에 이르는 것으로 보인다 고 전했다 ,0
132,금성출판사 푸르넷 공부방   기 신입 지도교사 모집,0,이번  기 푸르넷 공부방 신입 지도교사 모집 부문은 공부방 교사 및 방문 교사다  교육 관련 경력이 없는 경력단절여성  재취업준비자  취업준비생 누구나 지원 가능하다  정규 대학 졸업자 및 졸업 예정자라면 전공 제한 ,0
133, 대그룹 상반기 신입공채 단  곳 코로나 취업은  바늘구멍 ,0,서미영 인크루트 대표는  대기업들의 공채가 줄면서 채용 규모 감소로 이어질 것이라는 우려가 나온다 며  신입사원들의 취업시장이 더욱 바늘구멍이 될 가능성이 커졌다 고 말했다 ,0
134,한국식품마이스터고  수능 대신 취업 캠프 실시,1,법률백서  신입사원 성공기 등의 과정으로 진행되었다  수학능력시험이 치러지는 날 취업 캠프에 참가한 학생들은 취업 캠프가 마이스터고의 수능과 같은 특별한 행사라고 입을 모았다  학생들은 자신의 취업 계획을 ,0
135,이러니 취업이 안되지 신입 구직자 절반은  묻지마 지원 ,0,취업전문포털 잡코리아가 올 하반기 신입직 구직활동을 한 구직자  명을 대상으로  입사지원 유형 에 대한 설문조사 결과에 따르면  전체 응답자의 절반 정도인  가  묻지마 지원  문어발식 지원 최대한 많은 곳에 ,0
136, 경기침체에 코로나까지 대 그룹 중  곳 상반기 신입공채 종합 ,1,서미영 인크루트 대표는  대기업들의 대규모 공채가 줄면서 채용 규모 감소로 이어질 것이라는 우려가 나온다 며  신입사원들의 취업시장이 더욱 바늘구멍이 될 가능성이 커졌다 고 말했다  서 대표는  코로나 여파로 ,0
137,경기침체에 코로나까지 대 그룹 중  곳만 상반기 신입공채,0,서미영 인크루트 대표는  대기업들의 공채가 줄면서 채용 규모 감소로 이어질 것이라는 우려가 나온다 며  신입사원들의 취업시장이 더욱 바늘구멍이 될 가능성이 커졌다 고 말했다  서 대표는  코로나 여파로 ,0
138, 건설   년 신입사원 채용,1, 건설이  년 신입사원 채용을 진행한다   일 건설취업플랫폼 건설워커에 따르면  이번 채용의 모집분야는 건축이며 직무는 건축시공이다  자격요건은  정규  년제 대학 석사포함  졸업 예정 자로서  년  월 ,0
139,올해 기업 신입사원 초봉  만원   만원 올라,1,취업포털 인크루트는 올해 신입사원 채용계획이 있는 기업  개사의 인사담당자를 대상으로 신입사원 예상 초임 연봉을 조사한 결과 평균  만원으로 지난해보다  만원 올랐다고  일 밝혔다 ,0
140,청년일자리 창출 교육모형인  조기취업형 계약학과  신입생 모집,0,교육부 부총리 겸 교육부 장관 유은혜 와 한국산업기술진흥원 원장 석영철 이 주관하고 있는  조기취업형   조기취업형 계약학과 선도대학 육성사업 은 청년 일자리 창출 교육모형으로  기업맞춤형 집중교육과 ,0
141,폴리텍대  일부터 내년도 신입생  명 모집,0, 기 신입생  명 전원에게는 취업과 장학금을 지원해 소수 정예 기술 인재로 키울 계획이다  경상북도  영천시 지자체와 대학에서 장학금을 지원해 학생들의 학비 부담을 덜어준다  두산로보틱스 등 로봇 분야  개 ,0
142,경기침체에 코로나 까지 대 그룹 중  곳만 상반기 신입공채,0,인크루트 측은  대기업들의 공채가 줄면서 채용 규모 감소로 이어질 거라는 우려가 나온다 며  신입사원 취업시장이 더욱 바늘구멍이 될 가능성이 커졌다 고 전망했습니다  인크루트 측은 또  코로나  여파로 ,0
143,상반기 신입사원  명중  명은 이공계,0,예년보다 줄어든 채용에도 취업에 성공한 상반기 신입사원 중 이공계열 비중이 늘어난 것으로 나타났다  취업포털 사람인은 상반기 신입 채용을 진행한  개 기업을 대상으로 한  신입사원 채용 결산 및 합격 스펙 ,0
144,광주은행  신입행원 입교식 가져,0,광주은행은 매년 신입행원 채용에 있어 전체 채용인원의   이상을 광주 전남지역 출신으로 할당 선발함으로써 지역의 취업난 해소에 이바지함에 따라 올해도 전체  명 중  명을 지역 출신으로 선발했으며 ,0
145,구직자    하반기 취업 성공 자신 없어 ,0,신입 구직자  는 취업 콤플렉스 있어 구직자  명 중  명 정도는 올해 안에 취업에 성공할 자신이 없는 것으로 나타났다  잡코리아가 신입직 구직자  명을 대상으로  하반기 구직자 취업 자신감 현황 에 대해 ,0
146, 세금 냠냠  대기업 신입사원도 챙긴 눈 먼 돈  근로장려금 ,0,이미지투데이 세종 이데일리 이진철 기자  공공기관  대기업 등 높은 수준의 연봉을 받는 직장의 신입사원  직군의 신입사원들도 받고 있는 것으로 나타났다  김 의원은 직장인 익명 커뮤니티인  블라인드 를 통해 ,0
147,구직자    하반기 취업 못할 것 같아 ,1,취업포털 사람인이 신입 구직자  명을 대상으로  하반기 취업 자신감 에 대해 조사한 결과   가  취업할 자신이 없다 고 응답했다고  일 밝혔다  성별로는 여성 이 남성 보다 자신 없다고 응답한 ,0
148,광양하이텍고등학교   년 신입생  명 모집,0,전남 광양하이텍고는  일부터  일까지  년 신입생을 모집한다고  일 밝혔다  광양하이텍고는 전국에  산업체 취업경쟁력을 확보해 중견 기술인으로서의 역량을 육성한다  지원 자격은  년  월 전라남도 소재 ,0
149,한전   고졸자 취업 지원 맟 신입사원 채용  일자리 창출 노력,0,한전 사장 박성철 은  신입사원 채용 및 고졸자 취업 지원 사내 인턴십 을 추진한다고 밝혔다  한전 은 코로나 로 인해 침체된 고용시장과 경제위기 극복을 위해  일 회사 홈페이지 및 공공기관 경영정보 ,0
150,폴리텍   일부터  년 신입생  명 모집,0, 기 신입생  명 전원에게는 취업과 장학금을 지원한다  경상북도와 영천시 대학에서 장학금을 지원하고 두산로보틱스 등 로봇 분야  개 기업과 학생  명을  대  로 매칭해 입학부터  인  기업 인턴제를 ,0
151, 취업  티몬  신입   공개 채용,0,티몬은 오는  일까지 신입   상품기획자 를 두 자릿수 규모로 채용한다고  일 밝혔다  티몬은 생활  가전  패션 등 전체 카테고리 상품을 담당할 신입  를 모집한다  티몬 채용사이트를 통해 지원할 수 있다 ,0
152, 취업률 보면 미래가 보인다 폴리텍  신입생 모집,1,아울러  기 신입생  명 전원에게는 취업과 장학금을 지원해 소수 정예 기술 인재로 키운다  경상북도  영천시 지자체와 대학에서 장학금을 지원해 학생들의 학비 부담을 덜어준다  두산로보틱스 등 로봇 분야  개 ,0
153,코로나 취업지옥 현실로 상반기 신입직 취업 성공률  ,0, 일 취업 플랫폼인 잡코리아가 발표한  년 상반기 대졸 신입직 취업 성공률 현황 에 따르면  설문 참여 취준생  명 중  명 만 입사 지원 기업으로부터 최종 합격 통보를 받은 경험이 있는 것으로 ,0
154,인터넷 게임  하반기 청년 개발자 취업 시장 이끈다,1, 일 현재 신입 개발자 대상 취업설명회  오픈클래스 와 네이버 채용연계 인턴십이 시작됐다  네이버 관계자는  좋은 인재 확보 차원에서 올해에는 지난해보다 적극 신입 공채를 하려 한다 면서  개발 외에도 직군별 ,0
155,서울 특성화고  곳  내년 신입생  만  명 모집,1,한편 최근 특성화고가 취업률 하락과 신입생 미달 등으로 위기를 맞자 다양한 타개책들이 마련되고 있다  국회 교육위 소속 정청래 더불어민주당 의원이 교육부에서 받아 분석한 자료에 따르면 직업계고 취업률은 ,0
156,한전  취업 꿀팁  유튜브 공개,0, 취업 꿀팁  영상은 모두  편으로 만들어졌으며  편에서는 신입사원들의 취업 준비 과정과 필기시험  경험담은 물론 채용담당자가 말해주는 자기소개서 작성 시 중요한 점 등이 담겼다  다음 주 공개할  편에서는 ,0
157,  침체된 취업시장에 활력 명 대규모 채용,1,   취업  신입직원  경력직원  채용  는 코로나 로 침체된 취업시장에 활력을 불어넣기 위해  급 신입직원  명   급 경력직원  명 등 총  명의 대규모 채용을 실시한다 사진 ,0
158,충북도립대  수시  차 신입생 모집 월  일까지,0,충북도립대학교 총장 공병영 는  일부터  월  일까지  학년도 신입생 수시  차 모집을 한다  총  개  이 대학은 공직진출반을 운영하고  일자리지원센터를 통해 학생을 위한 다양한 취업지원 서비스를 ,0
159, 건설   년 신입사원 채용,1, 건설이  년 신입사원 채용을 진행한다   일 건설취업플랫폼 건설워커에 따르면  이번 채용의 모집분야는 건축이며 직무는 건축시공이다  자격요건은  정규  년제 대학 석사포함  졸업 예정 자로서  년  월 ,0
160,홈플러스   년 만에 초대졸 신입사원 공채,1,홈플러스가 신입사원 공개 채용을 한다  오는  일부터 슈퍼마켓 브랜드  홈플러스 익스프레스 에서 근무할  극심한 취업난을 겪는 초대졸 취업준비생 일자리를 마련하기 위해 공채를 하게 됐다 고 했다  홈플러스는 ,0
161,올해 대기업 신입 초봉  만원 중소기업과 차이 더 벌어져,1,취업포털 인크루트는 올해 신입사원 채용계획이 있는 기업  개사의 인사담당자를 대상으로 신입사원 예상 초임 연봉을 조사한 결과 평균  만원으로 지난해보다  만원 올랐다고  일 밝혔다  기업규모별로는 ,0
162,상반기  취업 바늘구멍  뚫은 신입사원들 스펙은 ,0,예년보다 줄어든 채용에도 취업에 성공한 상반기 신입사원의 스펙은 어떨까  취업포털 사람인은 상반기 신입 채용을 진행한  개 기업을 대상으로 한  신입사원 채용 결산 및 합격 스펙  조사 결과를 오늘 일 ,0
163,코로나 여파 신입 구직자 연봉 눈높이 낮췄다,0,잡코리아가 이달  일 신입직 취업을 준비하는 구직자  천 명을 대상으로 조사한 구직자의 희망연봉은  천 만원이었다  이는 지난해  월 조사 때 나온  천 만원에 비해   낮은 수준이다  조사결과  년대졸 ,0
164,신입생 충원 바로미터 취업률 대학들 학생 취업 지원  안간힘 ,0,이는 청년실업 문제가 심각한 상황에서 높은 취업률은 신입생 모집 때 상당한 메리트가 되는데다 이른바  부실대학 재정지원 제한대학 을 선정하는 대학 평가 때 취업률이 중요한 지표가 되기 때문이다  대학 한 ,0
165,광주은행 신입행원 입교식,0,광주은행 은행장 송종욱 이  일  본점에서  년 하반기에 채용한 신입행원들의 연수에 앞서 입교식을  선발하고  고등학교 졸업 예정  이상자를 대상으로 초급행원을 모집해 지역 인재의 취업 기회를 확대했다 ,0
166,상반기 취업성공률  도 안돼 대기업 공기업은  명 중  명,0,잡코리아와 알바몬은 올 상반기 동안 구직활동을 했던 대졸 신입직 구직자  명을 대상으로  년 상반기 대졸 신입직 취업성공률 현황 에 대해 조사한 결과  만이 합격통보를 받았던 경험이 있는 ,0
167, 코로나 취중생  신입 구직자   구직 포기 구직자  명 중  명  추석에도 구직활동 ,0,한편  취업 플랫폼 잡코리아는 신입 구직자  명을 대상으로 조사한 결과  신입 구직자  는 하반기 구직을 포기한 것으로 나타났다고 전했다  이들이 올 하반기 구직을 포기한 가장 큰 이유는 코로나 ,0
168,직장인    이직 위해 경력 포기하고 신입사원 지원 ,0,못하고 신입사원으로 취업해도 괜찮다는 직장인들이 상당수에 이르는 것으로 보인다 고 말했다  실제 국내기업  곳 중  곳은  신입직 채용 시 올드루키 지원자가 있었다 고 답했다  지난해 잡코리아 조사 결과 ,0
169,경복대   학년도 수시  차 신입생 모집 원서접수,1,한편 경복대는 교육부 발표  년  년 연속 수도권대학 졸업생  명 이상  중 취업률  위를 달성했으며    교육부 대학기본역량진단평가에서  자율개선대학 에 선정되어 교육역량이 매우 우수한 ,0
170,서울 특성화고  곳   학년도 신입생  만 명 선발,1,서울시교육청은  학년도 특성화고등학교 신입생 선발전형을 오는  일부터 선발한다고  일 밝혔다  취업과 창업 의지가 명확하고 성장 가능성이 있는 학생을 선발한다는 게 교육청 설명이다  학교별특별전형은 ,0
171,  등 대기업 신입채용  추석 전 마감 ,1,마감하며  신입공채를 진행하는  그룹은 오는  일 서류접수를 마감하는 등 다수의 대기업이 추석 전 서류접수 마감을 앞두고 있다  취업성공 플랫폼 잡코리아가 추석 전 서류접수를 마감하는 대기업 채용공고를 ,0
172,홈플러스   년 만에 신입사원 공개 채용,0,극심한 취업난을 겪고 있는 초대졸  취준생 들의 일자리를 마련하기 위해 이 같은 신입사원 공개채용을 진행하게 됐다  코로나  등으로 신규채용 자체가 불투명한 유통업계의 사업환경 속에서도 성장하는 사업에는 ,0
173, 건설   년 신입사원 채용,1,서류접수 내달  일까지  건설이  년 신입사원 채용을 진행한다   일 건설취업플랫폼 건설워커  대표 유종현 에 따르면  이번 채용의 모집분야는 건축이며 직무는 건축시공이다  자격요건은  정규 ,0
174, 년 평균 취업률  ,0,높은 취업률을 기록하며 전국 직업교육 명문대학으로 자리매김하고 있다  더불어 한 학기 등록금은  학년도 신입생 기준 학기당  만원 내외로 사립전문대의  분의  수준의 등록금을 책정하고 있다   인당 ,0
175,광주은행  신입행원 입교식,0,광주은행은 매년 신입행원 채용에 있어 전체 채용인원의   이상을 광주 전남지역 출신으로 할당 선발함으로써 지역의 취업난 해소에 이바지해왔다  올해도 전체  명 중  명을 지역 출신으로 선발했으며  고등학교 ,0
176,취준생이 가장 취업하고 싶은 기업  위 삼성   위는 ,1,내년 신입 취업을 준비하는 취업준비생들이 가장 취업하고 싶은 기업으로 삼성을 꼽은 것으로 나타났다  취업포털 잡코리아가 내년 신입직 취업을 준비하는  년 대졸 졸업예정자 포함  학력의 취업준비생  명을 ,0
177,한전  상반기 대졸 고졸 신입 총  명 채용,0,한전 은  년 상반기 신입사원 채용 및 고졸자 취업 지원 사내 인턴십을 진행한다고  일 밝혔다  한전 은 이날 채용 공고를 내고  올 상반기 신입사원  명 대졸  명  고졸  명 을 채용한다  당초 채용계획보다 ,0
178,대졸 신입 연령대  대로 외환위기 때보다  세 가량 높아져,0,대학을 졸업하고 첫 취업을 하는 신입사원들의 연령대가 외환위기 때보다  세 가량 높아져  세를 넘어섰다는 조사 결과가 나왔다  취업 포털 인크루트가  일 발표한 자료에 따르면   년 대졸 신입사원의 평균 ,0
179,하반기 신입 일자리   줄었다  고용쇼크  현실화 ,1, 일 취업포털 인크루트가  개 상장사를 대상으로  년 하반기 대졸 신입사원 채용계획을 조사한 결과다  인크루트는 지난  년부터 하반기 채용 시즌을 목전에 두고 상장사 인사담당자들을 대상으로 매해 ,0
180, 취업준비에 나이만  신입사원 연령대 상승,0,취업 시장이 갈수록 얼어 붙으면서 기업들의 신입사원 연령도 높아지는 것으로 나타났다  구인구직 매칭 플랫폼 사람인이 기업  개사를 대상으로  신입사원 연령 변화 를 조사한 결과   곳 중  곳 이 ,0
181,직장인    경력 포기하고 신입 지원 경험 있어 ,0,못하고 신입사원으로 취업해도 괜찮다는 직장인들이 상당수에 이르는 것으로 보인다 고 풀이했다  실제 국내기업  곳 중  곳은  신입직 채용 시 올드루키 지원자가 있었다 고 답했다  지난해 잡코리아 조사 결과 ,0
182,국민대 대학일자리센터  단과대학 취업 행사 지원,0,설명회는 경상대학 담당 컨설턴트의 주관 하에 진행됐으며  신입생들에게 취업 준비의 첫걸음은 진로 탐색이라는 중요성을 상기시켰다  설명회는 경력개발지원단의 학과 전공 별 진로 로드맵을 활용해 전공 진출분야에 ,0
183,서울교육청   특성화고 신입생 선발   일 부터 ,0,서울교육청은   특성화고등학교 신입생 선발전형을  일부터 시작한다고  일 전했다   에는 서울 관내  특성화고 특별전형 중 미래인재전형은 출결  봉사활동  학업계획서 및 자기소개서 등을 반영하며 취업과 ,0
184,대기업  곳 중  곳만 신입 채용 하반기 취업시장  적신호 ,1,반면 또 다른 취업포털인 인크루트가 조사한 하반기 대졸 신입 채용 동향은 잡코리아와 큰 차이를 보였다  같은 날 인크루트 대표 서미영 가 발표한 국내  개 상장사를 대상  하반기 대졸 신입사원 채용 방식 조사 ,0
185,상반기 신입 취업성공률  작년보다   감소,0, 일 취업포털 잡코리아가 대졸 신입직 구직자  명을 대상으로 조사한  년 상반기 대졸 신입직 취업성공률 현황 에 따르면  응답자의  가 합격통보를 받은 경험이 있는 것으로 나타났다  이는 지난해 ,0
186, 침체된 취업시장 활력    신입 경력  명 채용,0,한국토지주택공사 가 코로나 로 침체된 취업시장에 활력을 불어넣기 위해 신입 경력직원을 채용한다  채용규모는  급 신입직원  명과  급 경력직원  명 등 총  명이다  채용분야별로 신입직원  급 사무직은 ,0
187, 취업에 성공하려면 연간  만원 사교육비 필요해 ,1, 일 구인구직 매칭 플랫폼 사람인에 따르면 최근 신입 구직자  명을 대상으로 취업 사교육에 대해 알아본 결과  가 필요하다고 답했다  특히 전체 응답자의  명 중  명 은 취업 사교육과 최종 합격 간에 ,0
188, 취업  예보  올해 신입직원  명 공채 내달  일까지 서류접수,0,예금보험공사는 올해  명의 신입직원을 채용한다고  일 밝혔다  지난해 명 보다 명 줄어든 규모다  채용분야는 금융일반 명 과 금융통계 명  회수조사 명   명  등이다  입사지원은 예보 홈페이지를 통해 ,0
189,조기취업형 계약학과  학년도 신입생  일 모집 시작,0,교육부 부총리 겸 교육부장관 유은혜 와 한국산업기술진흥원 원장 석영철 이 주관하는  조기취업형 계약학과 선도대학 육성사업 이  학년도 신입생 모집을 금일부터 시작한다  모집 대학은 가천대학교  경일대학교 ,0
190,서울시교육청  내년도 특성화고 신입생  만 명 선발,0,서울시교육청이  학년도 특성화고등학교 신입생 선발전형을 오는  일부터 시작한다   학년도에는 서울  특성화고 특별전형 중 미래인재전형은 출결  봉사활동  학업계획서 및 자기소개서 등을 반영하며 취업과 ,0
191, 올해 기업 신입사원 초봉  천 만 원 만 원 올라 ,0,취업포털 인크루트는 올해 신입사원 채용계획이 있는 기업  개사의 인사담당자를 대상으로 신입사원 예상 초임 연봉을 조사한 결과 평균  천 만 원으로 지난해보다  만 원 올랐다고 밝혔습니다 ,0
192, 올해 기업 대졸 신입사원 초임연봉  만원 ,1,취업포털 인크루트는 올해 신입사원 채용계획이 있는 기업  개사의 인사담당자를 대상으로 신입사원 예상 초임 연봉을 조사한 결과 평균  천 만원으로 지난해보다  만원 올랐다고  일 밝혔다 ,0
193, 올해 기업 신입사원 초봉  천 만원 만원 올라 ,1,취업포털 인크루트는 올해 신입사원 채용계획이 있는 기업  개사의 인사담당자를 대상으로 신입사원 예상 초임 연봉을 조사한 결과 평균  천 만원으로 지난해보다  만원 올랐다고  일 밝혔다 ,0
194,한국전력  취준생 위한  취업 꿀팁  유튜브 공개,0, 취업 꿀팁  영상은 모두  편으로 만들어졌으며  편에서는 신입사원들의 취업 준비 과정과 필기시험  경험담은 물론 채용담당자가 말해주는 자기소개서 작성 시 중요한 점 등이 담겼다  다음 주 공개할  편에서는 ,0
195,한전  신입사원 채용 고졸자 취업 지원 추진,0,   아시아타임즈 정상명 기자 한전 사장 박성철 은 신입사원 채용 및 고졸자 취업 지원 사내 인턴십을 추진한다고  일 밝혔다  한전 은 코로나 로 인해 침체된 고용시장과 경제위기 극복을 위해  일 회사 ,0
196,상반기 신입직 취업성공률   전년비   감소,0, 일 잡코리아  대표 윤병준 가 알바몬과 함께 올 상반기 동안 구직활동했던 대졸 신입직 구직자  명을 대상으로  년 상반기 대졸 신입직 취업성공률 현황 에 대해 조사한 결과를 공개했다 ,0
197,해고된 항공사 신입 조종사들 비행기 대신  대리운전 ,0, 씨 이스타항공 신입 조종사    취업 준비를  저는  년부터 시작했거든요  자격증 딴다고  근데 갑자기 계약 해지하고 나가라고 해서  현직 조종사라고 사정이 나은 건 아닙니다   월부터 넉 달째 월급이 끊겼습니다 ,0
198, 건설 서한 화성산업 등 건설사 신입 경력채용 소식,0, 일 건설취업플랫폼 건설워커에 따르면  건설  서한  화성산업  동인종합건설 등이 신입 및 경력사원 채용을 진행한다     건설이 신입사원을 모집한다  모집분야는 건축 시공 이며 자격요건은  정규  년제 대학 ,0
199,기업마다 수시채용 증가  신입 구직자  공채보다 수시 채용이 유리 ,1,취업포털 사람인이 신입 구직자  명 대상으로  수시 채용과 공개 채용 중 유리한 채용 을 조사한 결과  가  수시 채용이 유리할 것 이라고 응답했다고  일 밝혔다  중소기업  외국계기업 ,0
200, 올해 대졸 신입 뽑았다   지난해보다  나 줄어,1,취업포털 인크루트는 기업  곳을 대상으로  년 대졸신입 직원을 한 명이라도 채용했느냐 고 물은 결과  그렇다 고 답한 비율이  로 집계됐다고  일 발표했다  인크루트가 올해  월  년 대졸신입 ,0
201,대졸 신입 나이는  대 년 새  세 높아져,1,취업포털 인크루트는 대졸 신입사원 입사 연령을 분석한 결과  년 외환위기 때보다  세 높아진 것으로 나타났다고  일 밝혔다  인크루트가  년 조사한 대졸 신입사원의 평균 나이는  세였고  금융위기 ,0
202,금융권 신입채용  차 포문  하나은행 카카오뱅크 한국투자증권,1,은행권은 영업소 축소 여파로 전체 채용규모는 줄었지만 디지털 전환을 위한 해당직무 채용에는 적극적인 모습이며  핀테크 및 증권사 역시 코로나  이후 비대면 거래량 증가로 신입 충원에 나섰다   일 취업포털 ,0
203,국내 유일 원자력  신입생 사상 첫 미달,0,내년도 신입생 모집에서 정원을 채우지 못한 것으로 확인됐다  경북 울진에 있는 이 학교는 지난  년  이상 취업했다  송 교장은  올해는 이달 현재 내년 졸업 예정자의   정도가 취업을 확정해 지난해  에 ,0
204,홈플러스   년만에 신입사원 뽑는다,1,극심한 취업난을 겪고 있는 초대졸  취준생 들의 일자리를 마련하기 위해 이 같은 신입사원 공개채용을 진행하게 됐다  이는 코로나  등으로 신규채용 자체가 불투명한 유통업계의 사업환경 속에서도 성장하는 ,0
205,강원도교육청  특성화고 신입생  명 모집,0,강원도교육청이 다음 달  월   일부터 특성화고 신입생  천  명을 특별전형과 일반 전형으로 구분해  강원도교육청은 직업계고의 전문 기술인 양성을 위해 직업계고 지원 취업 활성화 방안을 마련해 적극 지원할 ,0
206,내년 신입생 정원   못채워 지방대학들  눈앞이 캄캄 ,0,지방 소재 일부 사립대는 일단 학생비자를 얻어 입국한 외국인 유학생이 불법 취업하는 통로가 됐다는 건  대학알리미에 따르면 신경대 신입생 충원율 년  월 기준  정원 내 은  로 다른 재정 지원 제한 대학 등을 ,0
207,기업  곳 중  곳  신입사원 연령 높아져 ,1,취업 시장이 갈수록 얼어 붙으면서 기업들의 신입사원 연령도 높아지는 것으로 나타났다  구인구직 매칭 플랫폼 사람인 대표 김용환 이 기업  개사를 대상으로  신입사원 연령 변화 를 조사한 결과   곳 중  곳 ,0
208,상반기 신입 취업성공률   그쳐  젼년 대비   하락,0,취업포털 잡코리아가 올 상반기 동안 구직활동을 했던 대졸 신입직 구직자  명을 대상으로  년 상반기 대졸 신입직 취업성공률 현황 에 대해 조사한 결과  설문에 참여한 취준생 중  만 최종 입사 합격 ,0
209,강원교육청  특성화고 신입생  명 모집,0,강원도교육청은 다음 달  월   일부터 특성화고 신입생  천  명을 특별전형과 일반전형으로 구분해  강원도교육청은 직업계고의 전문 기술인 양성을 위해 직업계고 지원 취업 활성화 방안을 마련해 적극 지원할 ,0
210, 학과 학과 수험생 인기는 건국대 정외과 취업률은 동국대 정외과,0,대학 간 비교 시에는 졸업 후 취업률  중도탈락률  신입생 충원율 등 정량 지표를 주로 활용  객관성을 유지할 계획이다  수험생에게 어느 한 쪽으로 치우치지 않는 정보를 제공해 대학 선택에 도움을 주기 ,0
211,신입 구직자 상반기 취업목표 대기업 위 카카오 위 삼성전자,0,신입직 취업을 준비하는 취업준비생  명 중  명이 상반기 대기업 신입직 채용에 지원할 것이라 답했다  이들은 입사지원 할 대기업으로  카카오 를  위로 꼽았다  이어  삼성전자   제일제당   ,0
212,구직자  명 중  명  취업위해서 사교육 필요 ,0,구인구직 매칭 플랫폼 사람인이 신입 구직자  명을 대상으로  취업 사교육에 대한 생각 을 조사한 결과   가  필요하다 고 답했다  이렇듯 취업 사교육이 필요하다고 생각하는 구직자가 많은 것은 취업 사교육이 ,0
213,영진전문대   유플러스 신입사원 대거 취업,1, 유플러스 신입사원으로 채용됐다  영진전문대는  일 경영회계서비스계열이 최근 발표된  유플러스  채용 면접일 하루 전인 지난달  일  유플러스에 취업한  년 차 선배가 면접 요령을 비롯해 복지혜택 ,0
214,한국 직업전문학교 소프트웨어공학과   학년도 신입생모집,1,이에 본교는 전 계열의 교육시스템을 계속적으로 연구개발하고  졸업인증제  책임교수제  취업지원센터  전공과정을 운영 중에 있으며 내신이나 수능 성적은 반영하지 않는 면접전형으로 신입생을 선발하고 있다 ,0
215, 정말 노답 취업카페 들끓게 한  국민은행 채용 공고,0, 국민은행은 진행중인  년 하반기 신입 행원 채용 절차를 놓고 취업 카페에서 논란이 뜨겁다  통과할지도 불확실한 서류 면접을 치르면서 지원들에게 지나치게 과도한 요구를 한다는 지적들이 많다  카페에서는 ,0
216,쿠팡서 개발자로 일하실 분 오세요 신입 개발자 채용   일까지 지원서 접수,0,영상에는 로켓배송 개발총괄을 맡고 있는 전준희 부사장을 포함해 쿠팡에서 근무하고 있는 개발자들이 여러명 등장해 취업준비와 면접 노하우  쿠팡의 개발문화  복지혜택 등 신입 개발자들이 궁금해하는 정보들을 ,0
217,빅  신입 더 줄이나 취업 못하는 회계사 속출할 듯,0,회계업계의 신입 회계사 채용 시즌이 한창인 가운데 빅  회계법인이 당초 계획보다 신입 충원을 줄일 분위기를 보이고 있다  빅  채용 인력 감소에 따라 올해 공인회계사 합격자 중 미지정 회계사가 발생할 것으로 ,0
218, 학과 학과 경쟁률은 외대 영미문학  취업률 이대 영문 우위,0,대학 간 비교 시에는 졸업 후 취업률  중도탈락률  신입생 충원율 등 정량 지표를 주로 활용  객관성을 유지할 계획이다  수험생에게 어느 한 쪽으로 치우치지 않는 정보를 제공해 대학 선택에 도움을 주기 위해서다 ,0
219,한국관광대  동계방학   파티 실시  핵심역량 취업역량 강화,1,한국관광대는 동계방학을 앞둔 재학생 신입생 포함 과 졸업예정자를 대상으로 이달  일부터  년  월  일까지 핵심역량과 취업역량 강화를 위해   파티를 실시한다고  일 밝혔다  이번   파티는 ,0
220,  신입 취업목표  공기업   위  희망연봉  만원,1,이어 외국계 기업은 평균  만원  공기업은 평균  만원  중견기업은 평균  만원  중소기업은 평균  만원인 것으로 집계됐다    신입  취업목표  위  콘텐츠부,0
221,서울 덕수고  동문기업 취업박람회 졸업예정자 채용,1,올해 취업박람회에는 덕수고 동문 기업  개가 참여한다  덕수고 내 특성화 계열 글로벌경영과  금융회계과  컴퓨터정보과 졸업예정자와 졸업자  여명을 대상으로 현장 면접을 진행해 신입사원도 채용한다  참가 기업 ,0
222, 취업  위메프  신입 개발자 공개 채용,0,위메프가  년 신입 개발자를 공개 채용한다고  일 밝혔다  채용 분야는  모바일 및   환경의 웹 앱 서비스 개발             등이다  채용 인원은 두 자릿수 규모다  신입 또는 개발 ,0
223,한전  신입사원 채용 및 고졸자 취업 지원 인턴십 시행,0,한전 사장 박성철 은  신입사원 채용  및  고졸자 취업 지원 사내 인턴십 을 추진한다고 밝혔다  한전 은 코로나 로 인해 침체된 고용시장과 경제위기 극복을 위해  일 회사 홈페이지 및 공공기관 경영정보 ,0
224,구직자  명 중  명  취업 사교육 필요해 ,1,구인구직 매칭 플랫폼 사람인 대표 김용환 이 신입 구직자  명을 대상으로  취업 사교육에 대한 생각 을 조사한 결과   가  필요하다 고 답했다  이렇듯 취업 사교육이 필요하다고 생각하는 구직자가 많은 ,0
225,중앙대 글로벌인적자원개발대학원    전반기 석사 신입생 모집,0,선정돼 취업역량을 강화하기 위한 다양한 프로그램들을 제공하고 있다  신입생과 재학생을 위한 장학 혜택도 풍성하다  일정 기준을 충족하면 동종업계 재직자를 위한 특성화장학금 지급하며 재학성적우수자에게는 ,0
226,광주은행   년 신입행원 입교식 가져,0,광주은행은 매년 신입행원 채용에 있어 전체 채용인원의   이상을 광주 전남지역 출신으로 할당 선발함으로써 지역의 취업난 해소에 이바지함에 따라 올해도 전체  명 중  명을 지역 출신으로 선발했으며 ,0
227,한전  신입사원 채용 고졸자 취업  청년고용 지원,0,광주전남공동혁신도시에 위치한 한전  본사 한전 사장 박성철 은 청년고용 확대를 위해 신입사원 채용 및 고졸자 취업 지원 사내 인턴십을 추진한다   일 한전 에 따르면 코로나 로 인해 침체된 고용시장과 ,0
228,조폐공사  하반기 일반 및 고졸전형 신입직원  명 채용,0,한국조폐공사 대전시 가  년도 하반기 일반 및 고졸전형 신입직원 채용형 인턴  채용원서를  일부터  조폐공사는 코로나  상황에 대응해 비대면   온라인 채용방식 확대 등 채용절차를 대폭 간소화  취업준비생들 ,0
229,  핵심인력 양성  취업률   장학 혜택  ,0,학기당  만원의 저렴한 등록금 년제 사립대학의  수준 과  에 이르는 높은 취업률   의 풍부한 장학 혜택이 장점이다   학년도 신입생 수시  차 모집  폴리텍대가  월  일까지  학년도 신입생 수시  차 ,0
230, 기획취재 공모전 당선작    억 들여 비행면허 땄지만 취업 올스톱 갈림길 선 조종사들,0,국내 항공사들은 신입 부기장을 뽑을 때 대한민국 사업용 조종사 면허소지자를 자격조건으로 두기 때문에  항공 취업시장은 점점 도박판이 돼가고 있다  조종사 대신 교관의 길을 선택하기도 한다  미국 비행학교에서 ,0
231,한전  신입사원 채용 및 고졸자 취업 지원,0,한전 은 신입사원 채용 및 고졸자 취업 지원 사내 인턴십을 추진한다고  일 밝혔다  한전 은 코로나 로 인해 침체된 고용시장과 경제위기 극복을 위해 이날부터 회사 홈페이지 및 공공기관 경영정보 공개시스템 ,0
232,코로나 로 얼어붙은 취업시장 신입 채용공고   감소,0,다행스러운 소식은 취업시장의 전반적인 분위기가 얼어 붙고 신입 채용은 거의 절벽에 내몰린 상황이지만  상반기 신입사원 채용 진행을 발표하며 일자리 창출에 나선 기업도 있다  먼저 코로나  사태로 채용 일정을 ,0
233,광주은행  신입행원 입교식 가져,0,광주은행은 매년 신입행원 채용에 있어 전체 채용인원의   이상을 광주 전남지역 출신으로 할당 선발함으로써 지역의 취업난 해소에 이바지함에 따라 올해도 전체  명 중  명을 지역 출신으로 선발했으며 ,0
234,쿠팡서 개발자로 일하실 분 오세요 신입 개발자 채용   일까지 지원서 접수,0,영상에는 로켓배송 개발총괄을 맡고 있는 전준희 부사장을 포함해 쿠팡에서 근무하고 있는 개발자들이 여러명 등장해 취업준비와 면접 노하우  쿠팡의 개발문화  복지혜택 등 신입 개발자들이 궁금해하는 정보들을 ,0
235,   인천공항 정규직화  취업준비생 일자리와 무관 ,0,공사에 취업준비를 하는 분들의 일자리와는 관련이 없다 고 밝혔다  황 수석은 이날 오전   라디오  기존에 비정규직으로 채용돼 보안검색 업무를 하고 있는 근로자를 정규직으로 전환하는 것과 신입 공채 전형은 전혀 ,0
236,조폐공사  하반기 일반 고졸전형 신입직원 채용,0,한국조폐공사가  년도 하반기 일반 및 고졸전형 신입직원 채용형 인턴  채용 원서를 오는  일까지  조폐공사는 코로나  상황에 대응해 비대면 온라인 채용방식 확대 등 채용절차를 대폭 간소화  취업준비생들의 ,0
237,신입 구직자  명 중  명  취업스트레스 매우 높다 ,0,또 신입직 구직자 중 취업스트레스가 높다 매우높다  높은편  는 응답자도  로 절반이상으로 많았다  경력직 구직자 중 취업스트레스가 높다는 응답자도  매우높다  높은편  로 ,0
238,신입 구직자    비정규직 취업 의향 ,1,뉴스토마토   신태현 기자   코로나  여파로 취업 시장이 얼어 붙으면서 신입 구직자 과반은 비정규직으로라도 취업을 원하는 것으로 나타났다  근무 형태의 눈높이를 낮춘만큼 급여 기대치도 낮아진 모양새였다 ,0
239,대구경북 지역대 사활건 신입생 확보전,0,구미대는 신입생들의 취업과 창업을 연계한 진로설계장학금 제도를 도입해 많게는 등록금 전액을 지원하고 경운대는 신설학과인 항공물류학과 신입생들에게는  년간 수업료를 면제해 주기로 했습니다  이밖에 다른 ,0
240, 광양하이텍고등학교   년 신입생 모집,0,광양하이텍고 교장 강수원 가  월  일부터  일까지  년 신입생을 모집한다  광양하이텍고는 전국에  산업체 취업경쟁력을 확보해 중견 기술인으로서의 역량을 육성한다  지원 자격은  년  월 전라남도 소재 ,0
241,홈플러스  슈퍼마켓 부문  익스프레스  초대졸 신입사원 공채,1,극심한 취업난을 겪고 있는 초대졸 취준생들의 일자리를 마련하기 위해 이 같은 신입사원 공개채용을 진행하게 됐다  신규채용 자체가 불투명한 유통업계의 사업환경 속에서도 성장하는 사업에는 과감히 인력을 ,0
242,광주은행   년 신입 행원  여명 공채,0,광주은행은 올해 신입 행원  여명을 뽑는다고  일 밝혔다  중견 년제 대졸 과 초급 행원 고졸 이며  광주은행은 전체 채용인원의   이상을 광주전남지역 출신으로 할당 선발해 지역의 취업난 해소에 이바지하고 ,0
243,강원도교육청  특성화고 신입생  명 모집,0,강원도교육청이 다음 달  월   일부터 특성화고 신입생  천  명을 특별전형과 일반 전형으로 구분해  강원도교육청은 직업계고의 전문 기술인 양성을 위해 직업계고 지원 취업 활성화 방안을 마련해 적극 지원할 ,0
244,신입사원  명 중  명  퇴사 고민 개월이면 결정,0, 일 취업포털 인크루트는 입사  년차 미만 신입사원  명을 대상으로  퇴사결심 시기 및 이유 에 대해 조사한 결과를 발표했다  설문에 참여한 신입사원 가운데  가 퇴사를 고민해봤다고 답했다  그 이유 ,0
245,기업  곳 중  곳  신입사원 연령 높아져   대 이상 채용한 기업도  ,1,취업 시장이 갈수록 얼어붙으면서 기업들의 신입사원 연령도 높아지는 것으로 나타났다  취업포털 사람인이 기업  개사를 대상으로  신입사원 연령 변화 를 조사한 결과   곳 중  곳 이 신입사원의 연령이 ,0
246,강원도교육청  특성화고 신입생  명 모집,0,강원도교육청이 다음 달  월   일부터 특성화고 신입생  천  명을 특별전형과 일반 전형으로 구분해  강원도교육청은 직업계고의 전문 기술인 양성을 위해 직업계고 지원 취업 활성화 방안을 마련해 적극 지원할 ,0
247, 노력 없어도 정규직  불공정 취업시장에 격분하는 고시촌 취준생들,0,노량진 학원가 거리에서 만난  세 조모씨는  대학 졸업하고 공기업만 준비하다  년이 넘었는데 단기 계약직만 해보고 정규직은 다 떨어졌다 라며  일반 기업에 신입으로 취업할 나이마저 놓쳐서 갈 곳도 없는데 인천공항 ,0
248,  신입 경력  명 대규모 채용,0, 는 코로나 로 침체된 취업시장에 활력을 불어넣기 위해  급 신입직원  명   급 경력직원  명 등 총  명의 대규모 채용을 실시한다고  일 밝혔다  채용일정은  일 모집공고를 시작으로  월 일 월 일 원서 ,0
249, 이지 보고서  상반기 신입 취업 성공률  전년   ,1,잡코리아와 알바몬은 올 상반기 구직활동을 했던 대졸 신입직 구직자  명을 대상으로  년 상반기 대졸 신입직 취업 성공률 현황 에 대해 조사한 결과  이같이 나타났다고  일 밝혔다  조사에 따르면 취준생 ,0
250, 그룹  하반기 신입 공개 채용 온택트 방식,0, 는 주요 그룹들이 잇따라 공채를 축소 및 폐지하고 수시 채용으로 전환하는 등 취업준비생들이 극도의 취업난을 경험하고 있다는 점을 감안해 공개 채용을 결정했다   는 매년 하반기 신입사원 공개채용을 진행해 ,0
251,취업 가뭄이라는데  네이버 카카오  명 뽑는다,1,최악 취업난인데 개발자는 구인난 네이버는 다음 달  일부터 신입 개발자 공개 채용을 시작한다  상반기 공채를 포함하면 전체 채용 규모는 지난해와 비슷한  명이 될 것으로 보인다  네이버는  우수 인력이 많으면 ,0
252, 대 그룹 상반기 신입 공채 단 네 곳,1,서미영 인크루트 대표는  경기침체에다 코로나 여파로 대기업들의 공채가 줄면서 채용 규모 감소로 이어질 것이라는 우려가 나온다 며  신입사원들의 취업시장이 더욱 바늘구멍이 될 가능성이 커졌다 고 말했다 ,0
253,올해 신입구직자    취업재수 할 것 ,1,잡코리아 대표이사 윤병준 와 알바몬이 올해 취업활동을 한 신입직 구직자  명을 대상으로  취업재수 계획 에 대해 조사한 결과 올해 신입직 취업에 성공하지 못한 구직자  명 중  명에 이르는  가  취업 ,0
254,코로나 취업난에 구직자  명 중  명  비정규직이라도 취업할래 ,0,코로나 의 강타로 취업 시장이 얼어 붙으면서 신입 구직자 절반 이상은 비정규직으로라도 취업을 원하는 것으로 나타났다  구인구직 매칭 플랫폼 사람인 대표 김용환 이 신입 구직자  명을 대상으로 ,0
